0,1,2,3,4,5,6,7,8,9,10,11,12,13,14,15,16,17,18,19,20,21,22,23,24
let it be,past,Turkey,earthquake,seventy-eight,km,A lot,heromaras,Türkiye,occur,hour,seventy four,nurdağı,One,hit,in the district,God,to,This,utc,I hope,there is no,sized,of Kahramanmaraş,bazaar
let it be,earthquake,Please,One,past,A lot,help,This,urgent,Türkiye,debris,God,there is,under,heromaras,help,afad,Hatay,all,km,seventy four,Turkey,for,the one which...,in
let it be,past,A lot,earthquake,help,Please,One,This,God,afad,under,debris,Hatay,urgent,there is,dent,for,heromaras,Türkiye,you,all,big,mercy,help,hour
let it be,past,Please,help,A lot,earthquake,One,God,This,under,Hatay,urgent,debris,Türkiye,for,there is,dent,mercy,neighborhood,my turkey,the one which...,all,help,afad,news
let it be,Please,help,One,A lot,This,earthquake,past,debris,under,God,there is,for,urgent,Hatay,neighborhood,all,help,news,the one which...,Türkiye,Friends,heromaras,in,mercy
Please,help,One,earthquake,let it be,This,A lot,debris,God,for,under,there is,neighborhood,Hatay,past,urgent,news,help,the one which...,all,Friends,in,check it out,my god,more
Please,help,One,This,earthquake,let it be,for,A lot,debris,under,there is,God,Hatay,neighborhood,help,news,What,urgent,no,presidency,all,Friends,check it out,the one which...,in
Please,help,This,One,debris,there is,under,earthquake,neighborhood,A lot,let it be,help,Hatay,presidency,for,news,God,no,check it out,haluklevent,What,urgent,the one which...,Friends,street
Please,help,One,This,debris,there is,A lot,help,Hatay,under,no,presidency,neighborhood,news,earthquake,for,let it be,haluklevent,check it out,What,God,urgent,still,in,the one which...
Please,help,One,This,debris,there is,A lot,help,under,Hatay,presidency,for,no,neighborhood,news,earthquake,haluklevent,What,check it out,urgent,Friends,let it be,in,earthquakecircle,God
Please,help,One,This,there is,debris,A lot,for,no,help,Hatay,under,earthquake,presidency,news,neighborhood,haluklevent,God,What,let it be,check it out,urgent,in,still,Friends
Please,help,One,This,there is,debris,A lot,help,no,Hatay,under,earthquake,for,neighborhood,news,presidency,What,haluklevent,Friends,let it be,still,God,check it out,in,urgent
Please,help,One,This,there is,no,debris,A lot,help,Hatay,neighborhood,under,earthquake,news,What,for,check it out,in,presidency,people,still,urgent,God,hour,let it be
help,Please,One,no,This,A lot,there is,debris,under,earthquake,God,help,What,check it out,for,people,presidency,haluklevent,Hatay,let it be,still,neighborhood,much,please,the one which...
help,Please,One,This,no,there is,A lot,debris,for,under,What,presidency,earthquake,neighborhood,help,check it out,Hatay,God,still,haluklevent,people,news,also,street,in
help,Please,One,This,there is,no,debris,under,A lot,haluklevent,presidency,for,help,earthquake,still,What,check it out,neighborhood,Hatay,in,people,let it be,news,God,more
help,Please,One,This,there is,no,debris,A lot,for,help,presidency,neighborhood,under,haluklevent,Hatay,earthquake,What,still,check it out,news,let it be,urgent,in,buddy,Friends
Please,help,This,One,there is,debris,haluklevent,presidency,for,help,no,Hatay,A lot,under,earthquake,neighborhood,news,Friends,oguzhanugur,the one which...,What,let's spread,buddy,check it out,let it be
Please,help,This,One,there is,debris,for,A lot,haluklevent,no,help,earthquake,presidency,under,Hatay,the one which...,neighborhood,Friends,news,buddy,oguzhanugur,What,check it out,let's spread,in
Please,help,One,This,there is,for,A lot,earthquake,help,no,debris,haluklevent,presidency,Hatay,neighborhood,news,under,the one which...,Friends,oguzhanugur,let it be,urgent,What,check it out,urgent
Please,help,This,One,there is,A lot,haluklevent,for,Hatay,debris,no,help,earthquake,presidency,oguzhanugur,under,neighborhood,Friends,in,What,still,buddy,news,let it be,let's spread
Please,help,One,This,there is,A lot,haluklevent,for,debris,Hatay,no,oguzhanugur,presidency,neighborhood,earthquake,Friends,under,help,urgent,the one which...,in,buddy,let's spread,check it out,news
Please,help,One,This,there is,A lot,haluklevent,no,oguzhanugur,debris,for,let's spread,presidency,Hatay,help,neighborhood,Friends,earthquake,buddy,under,What,urgent,in,God,the one which...
Please,help,One,This,A lot,there is,haluklevent,debris,no,for,oguzhanugur,presidency,neighborhood,help,under,Hatay,urgent,earthquake,What,buddy,urgent,Friends,the one which...,let it be,much
Please,there is,One,help,This,A lot,no,neighborhood,Hatay,debris,s,help,haluklevent,earthquake,oguzhanugur,presidency,under,for,urgent,God,let it be,more,still,What,Friends
This,One,Please,there is,help,A lot,no,debris,God,earthquake,for,What,under,presidency,also,in,neighborhood,still,Hatay,s,much,more,haluklevent,help,let it be
One,This,help,Please,there is,for,A lot,debris,no,earthquake,What,under,let it be,haluklevent,still,God,neighborhood,also,in,But,Hatay,oguzhanugur,more,check it out,the one which...
Please,help,One,This,there is,debris,A lot,earthquake,for,haluklevent,no,under,What,let it be,neighborhood,presidency,oguzhanugur,Hatay,in,buddy,still,urgent,check it out,also,God
Please,help,This,One,there is,A lot,haluklevent,for,debris,earthquake,no,presidency,oguzhanugur,Hatay,neighborhood,urgent,buddy,help,under,Friends,What,the one which...,let it be,God,in
Please,help,One,This,there is,A lot,for,haluklevent,earthquake,oguzhanugur,no,presidency,debris,help,Hatay,Friends,in,buddy,urgent,neighborhood,What,God,under,the one which...,also
Please,help,One,This,there is,for,A lot,haluklevent,debris,oguzhanugur,earthquake,Friends,neighborhood,presidency,buddy,no,under,urgent,What,in,let's spread,help,babaltv,let it be,Hatay
This,Please,One,help,there is,for,A lot,debris,What,haluklevent,in,earthquake,Friends,neighborhood,twitter,under,vpn,God,presidency,oguzhanugur,help,buddy,the one which...,let it be,no
Please,This,One,help,there is,for,A lot,haluklevent,debris,oguzhanugur,What,Friends,no,earthquake,under,in,let it be,neighborhood,presidency,Hatay,buddy,God,let's spread,much,the one which...
Please,help,This,One,there is,for,A lot,haluklevent,debris,oguzhanugur,Friends,earthquake,buddy,babaltv,What,presidency,Hatay,help,neighborhood,in,no,God,under,urgent,But
Please,help,oguzhanugur,haluklevent,buddy,One,babaltv,This,more,there is,more,child,send,for,spoke,lives,neighborhood,Hatay,with her brother,older brother,said,can't stand,A lot,debris,Friends
One,Please,This,help,there is,A lot,debris,haluklevent,for,under,buddy,oguzhanugur,Hatay,no,neighborhood,presidency,help,What,babaltv,Friends,in,let it be,urgent,also,God
Please,One,This,there is,A lot,help,for,Friends,earthquake,urgent,debris,Hatay,haluklevent,What,more,no,presidency,help,s,oguzhanugur,let it be,rt,neighborhood,God,under
One,This,there is,Please,help,A lot,for,earthquake,let it be,debris,much,s,help,What,no,Hatay,God,people,neighborhood,under,even,Antioch,in,But,Friends
One,This,there is,help,Please,earthquake,A lot,no,for,debris,under,in,What,let it be,haluklevent,But,God,also,help,oguzhanugur,more,with,mi,Friends,still
This,One,there is,help,Please,for,debris,earthquake,A lot,let it be,no,haluklevent,also,God,in,Hatay,What,much,under,later,state,s,oguzhanugur,with,But
Please,One,This,help,there is,for,A lot,debris,earthquake,haluklevent,let it be,oguzhanugur,also,no,Hatay,Friends,in,God,urgent,presidency,help,urgent,buddy,under,What
Please,One,This,there is,help,for,A lot,haluklevent,debris,earthquake,oguzhanugur,in,no,What,buddy,presidency,Hatay,let it be,babaltv,Friends,the one which...,urgent,also,help,more
This,Please,One,help,there is,for,A lot,earthquake,haluklevent,debris,oguzhanugur,What,let it be,buddy,presidency,Hatay,no,babaltv,also,help,God,urgent,Friends,urgent,the one which...
Please,This,One,there is,help,for,A lot,earthquake,haluklevent,much,oguzhanugur,in,Friends,let it be,What,the one which...,debris,buddy,Hatay,also,urgent,God,let's spread,But,no
Please,One,This,for,help,there is,A lot,debris,buddy,earthquake,oguzhanugur,haluklevent,What,also,let it be,no,Friends,much,babaltv,Hatay,under,urgent,in,the one which...,more
Please,One,This,there is,earthquake,for,A lot,help,buddy,haluklevent,also,oguzhanugur,in,neighborhood,debris,Hatay,What,no,babaltv,s,urgent,the one which...,urgent,to the region,Friends
One,This,there is,Please,earthquake,A lot,for,buddy,haluklevent,let it be,much,oguzhanugur,help,no,also,later,neighborhood,in,to the region,urgent,What,urgent,let's spread,hour,Friends
This,One,there is,Please,A lot,help,for,confirmed,haluklevent,oguzhanugur,let it be,What,ninety,s,urgent,let's spread,urgent,tent,like,information,earthquake,either,Friends,the one which...,babaltv
This,One,there is,Please,help,A lot,debris,What,no,God,s,much,for,haluklevent,urgent,that,you,the one which...,also,still,like,help,this,more,Hatay
One,This,It is possible,for,earthquake,there is,What,in,debris,no,God,Türkiye,white party,not,shoe,help,also,A lot,under,hungry,-most,aspect,to a friend,heap,what's that
